countyfips,diagnosed diabetes among adults,obesity among adults
01001,11.3,38.4
01003,10.2,36.8
01005,16.0,43.8
01007,13.3,41.4
01009,11.6,37.3
01011,19.9,49.4
01013,14.8,45.5
01015,12.7,38.3
01017,14.6,45.4
01019,11.3,40.2
01021,11.6,36.3
01023,15.1,45.8
01025,14.9,44.4
01027,13.1,39.6
01029,12.2,39.4
01031,11.8,34.1
01033,12.0,40.9
01035,15.5,44.7
01037,13.2,42.8
01039,11.7,44.6
01041,12.9,40.3
01043,11.6,39.7
01045,13.5,44.3
01047,17.5,50.5
01049,13.8,38.9
01051,11.4,36.4
01053,15.0,43.5
01055,12.6,41.3
01057,13.2,39.2
01059,13.5,39.6
01061,12.5,38.2
01063,19.4,51.0
01065,15.6,44.4
01067,13.7,38.3
01069,13.0,37.5
01071,12.4,38.6
01073,12.9,39.7
01075,12.0,38.3
01077,10.8,36.5
01079,13.1,40.7
01081,11.9,35.2
01083,11.2,35.8
01085,18.4,49.6
01087,17.7,47.7
01089,11.0,35.7
01091,15.4,46.1
01093,12.4,39.5
01095,11.4,38.6
01097,13.5,42.2
01099,15.2,42.7
01101,15.7,44.6
01103,12.9,38.7
01105,18.9,50.0
01107,14.5,43.8
01109,13.7,40.6
01111,13.0,40.9
01113,15.8,46.9
01115,10.6,33.0
01117,9.5,32.1
01119,17.6,45.2
01121,14.1,42.6
01123,12.9,41.9
01125,12.8,41.4
01127,12.8,42.9
01129,13.8,41.5
01131,18.8,48.5
01133,11.9,36.3
02013,12.6,30.9
02016,11.2,28.9
02020,7.9,29.6
02050,14.3,41.5
02060,9.1,32.0
02063,7.8,30.4
02066,8.9,32.6
02068,7.7,30.8
02070,12.7,37.2
02090,7.6,32.1
02100,7.3,32.6
02105,10.0,31.7
02110,7.7,32.8
02122,7.9,32.0
02130,8.5,34.3
02150,9.3,30.3
02158,17.6,46.0
02164,11.8,38.2
02170,8.6,31.4
02180,13.7,37.2
02185,10.7,40.7
02188,13.5,38.0
02195,8.3,30.4
02198,10.8,37.6
02220,8.4,32.3
02230,8.0,33.0
02240,9.2,37.3
02275,8.8,34.4
02282,10.6,32.6
02290,13.4,39.5
04001,17.9,39.1
04003,10.8,32.9
04005,10.4,27.0
04007,11.7,34.4
04009,12.5,40.4
04011,11.4,32.5
04012,12.9,35.9
04013,10.4,32.7
04015,10.8,36.6
04017,13.3,38.5
04019,10.3,32.8
04021,11.8,38.9
04023,14.6,32.4
04025,9.1,27.7
04027,13.9,42.3
05001,13.7,40.9
05003,14.5,42.1
05005,11.6,41.3
05007,11.0,34.2
05009,11.2,39.4
05011,14.9,41.5
05013,12.9,38.7
05015,12.6,35.6
05017,17.4,44.6
05019,14.3,40.4
05021,12.6,38.1
05023,11.7,36.6
05025,13.4,41.0
05027,14.3,41.1
05029,13.5,41.3
05031,12.3,37.5
05033,12.5,39.5
05035,15.8,41.5
05037,13.9,38.5
05039,14.4,44.0
05041,17.6,45.2
05043,13.7,41.6
05045,11.9,37.8
05047,12.8,40.1
05049,13.7,39.0
05051,11.5,37.8
05053,11.0,35.5
05055,12.6,37.6
05057,14.5,41.2
05059,13.0,38.6
05061,13.2,39.7
05063,12.6,39.6
05065,11.9,36.9
05067,14.3,40.6
05069,15.3,44.5
05071,14.0,39.1
05073,15.9,42.9
05075,13.1,41.5
05077,17.5,44.9
05079,14.9,39.8
05081,12.6,38.9
05083,12.2,37.7
05085,11.8,38.0
05087,12.5,36.0
05089,12.3,36.8
05091,13.9,43.7
05093,15.6,43.2
05095,15.5,43.4
05097,12.7,39.8
05099,14.8,41.5
05101,12.2,39.5
05103,14.3,42.5
05105,12.2,37.6
05107,17.7,51.3
05109,12.3,37.1
05111,14.0,40.8
05113,12.5,37.0
05115,12.7,36.1
05117,12.4,38.3
05119,12.7,38.4
05121,13.0,37.4
05123,17.1,44.5
05125,10.6,37.2
05127,12.9,38.4
05129,13.8,40.8
05131,13.2,35.9
05133,14.4,41.5
05135,12.1,38.0
05137,12.8,37.2
05139,13.5,41.2
05141,13.1,37.0
05143,11.9,33.5
05145,12.5,40.4
05147,14.4,41.3
05149,13.6,38.7
06001,9.2,19.4
06003,8.8,29.9
06005,9.0,27.3
06007,9.8,31.5
06009,9.4,29.4
06011,11.7,32.2
06013,9.6,28.4
06015,11.2,33.8
06017,7.8,24.8
06019,13.0,39.0
06021,11.2,34.1
06023,9.6,33.1
06025,15.1,38.5
06027,9.3,29.9
06029,13.0,35.9
06031,13.0,31.9
06033,9.7,30.7
06035,10.5,32.8
06037,11.4,26.2
06039,12.7,35.2
06041,7.3,23.5
06043,9.8,32.3
06045,9.8,29.4
06047,13.6,34.5
06049,9.7,30.0
06051,8.9,29.1
06053,11.1,32.8
06055,9.6,28.7
06057,8.9,29.9
06059,9.9,25.7
06061,8.6,25.8
06063,8.5,29.1
06065,10.5,34.0
06067,10.6,33.9
06069,10.4,29.1
06071,12.4,35.1
06073,9.4,25.4
06075,9.2,17.7
06077,11.6,33.8
06079,8.4,28.2
06081,8.9,21.4
06083,10.0,31.6
06085,10.0,22.0
06087,9.0,29.4
06089,9.3,28.7
06091,9.0,31.3
06093,9.7,32.9
06095,11.0,32.8
06097,8.3,28.3
06099,10.9,34.7
06101,11.6,32.0
06103,10.0,32.5
06105,9.9,32.4
06107,13.2,38.0
06109,8.9,31.0
06111,10.1,28.9
06113,10.7,28.5
06115,10.9,32.6
08001,9.8,34.0
08003,10.6,31.9
08005,7.9,25.7
08007,7.6,24.9
08009,9.9,31.0
08011,11.4,33.1
08013,6.3,18.6
08014,6.5,24.6
08015,7.9,25.3
08017,7.7,27.6
08019,6.7,25.7
08021,11.2,30.5
08023,12.5,33.7
08025,11.8,33.3
08027,7.9,26.8
08029,8.5,29.0
08031,7.9,23.8
08033,7.9,27.4
08035,6.2,20.9
08037,7.0,22.6
08039,7.1,25.0
08041,8.1,28.1
08043,9.1,29.2
08045,7.7,26.7
08047,7.2,25.2
08049,6.9,24.9
08051,6.5,23.7
08053,6.8,25.9
08055,9.6,28.7
08057,9.2,28.4
08059,7.2,24.9
08061,8.9,30.0
08063,8.3,30.2
08065,7.4,26.2
08067,6.7,24.8
08069,6.5,21.1
08071,10.5,31.6
08073,9.1,30.3
08075,9.3,30.0
08077,7.9,30.3
08079,7.2,26.6
08081,8.9,29.6
08083,8.9,30.2
08085,8.3,33.6
08087,9.1,31.3
08089,11.9,31.6
08091,6.8,24.8
08093,7.0,25.3
08095,9.3,30.6
08097,6.0,21.1
08099,10.4,31.6
08101,10.0,31.4
08103,8.0,27.9
08105,8.8,26.4
08107,6.6,24.4
08109,10.2,30.3
08111,8.1,27.4
08113,7.0,24.7
08115,9.3,29.8
08117,7.1,22.7
08119,7.0,26.9
08121,8.1,26.8
08123,8.5,31.2
08125,8.9,27.9
09110,9.4,32.4
09120,9.0,28.7
09130,7.7,31.2
09140,8.9,30.9
09150,8.4,32.8
09160,8.2,30.6
09170,9.6,32.0
09180,9.1,33.4
09190,7.7,26.9
10001,11.1,39.3
10003,11.6,37.6
10005,9.9,38.6
11001,8.7,25.1
12001,10.9,33.0
12003,10.6,37.6
12005,9.8,35.3
12007,12.1,38.8
12009,9.6,32.9
12011,12.0,31.8
12013,11.9,43.6
12015,9.7,34.4
12017,9.7,34.5
12019,9.9,35.6
12021,9.7,27.4
12023,11.8,38.3
12027,14.7,44.2
12029,12.2,43.6
12031,11.9,33.1
12033,10.9,32.6
12035,9.7,33.4
12037,10.9,37.6
12039,13.8,44.3
12041,10.3,36.9
12043,13.9,39.7
12045,10.6,38.4
12047,13.6,39.5
12049,14.4,40.3
12051,15.1,38.6
12053,11.0,33.4
12055,11.8,36.2
12057,11.2,31.4
12059,11.4,36.3
12061,10.0,33.0
12063,13.1,42.7
12065,11.7,37.9
12067,12.8,40.4
12069,11.3,34.8
12071,10.1,31.1
12073,10.7,33.1
12075,10.3,38.5
12077,12.4,40.8
12079,14.0,36.5
12081,10.4,33.9
12083,11.3,39.1
12085,9.1,27.6
12086,13.3,30.3
12087,9.5,29.7
12089,8.9,32.5
12091,9.8,33.6
12093,12.6,40.1
12095,11.5,32.8
12097,12.8,31.0
12099,10.1,30.5
12101,9.9,34.7
12103,9.4,32.2
12105,12.8,41.6
12107,12.7,39.8
12109,7.6,26.5
12111,11.5,34.7
12113,9.4,31.1
12115,8.2,28.8
12117,10.0,31.4
12119,9.4,35.1
12121,11.3,44.8
12123,12.1,42.8
12125,12.4,42.5
12127,9.8,33.9
12129,10.3,37.3
12131,9.4,31.1
12133,11.7,41.1
13001,12.7,40.7
13003,15.0,42.1
13005,12.7,41.3
13007,14.3,41.9
13009,13.7,39.8
13011,10.9,36.7
13013,11.0,39.9
13015,10.6,37.8
13017,14.7,41.9
13019,12.2,38.7
13021,14.2,48.5
13023,11.4,42.0
13025,11.4,39.2
13027,14.7,42.1
13029,9.7,37.1
13031,12.3,39.1
13033,13.4,44.8
13035,12.1,40.2
13037,16.8,46.6
13039,11.5,38.1
13043,13.6,44.0
13045,11.0,36.9
13047,9.4,36.6
13049,13.7,42.2
13051,11.6,36.1
13053,14.2,43.1
13055,12.1,39.0
13057,9.5,35.1
13059,13.1,37.0
13061,14.2,44.8
13063,14.9,45.4
13065,14.4,44.9
13067,9.2,28.9
13069,13.7,41.4
13071,13.8,40.4
13073,10.9,36.0
13075,13.3,40.7
13077,9.8,44.1
13079,12.1,41.1
13081,13.5,44.8
13083,9.4,36.0
13085,9.0,34.7
13087,13.9,39.8
13089,12.0,33.5
13091,12.7,44.6
13093,13.9,44.0
13095,15.7,44.4
13097,12.8,42.8
13099,14.1,45.1
13101,12.1,41.5
13103,9.6,38.6
13105,12.6,42.4
13107,13.6,42.7
13109,14.2,44.8
13111,10.7,38.9
13113,9.7,31.3
13115,12.2,40.1
13117,8.4,31.3
13119,11.4,36.7
13121,10.1,30.0
13123,9.9,36.7
13125,11.1,37.0
13127,11.1,35.9
13129,12.2,40.0
13131,13.2,41.8
13133,11.3,39.2
13135,12.0,33.3
13137,11.3,36.8
13139,11.6,35.0
13141,16.7,47.5
13143,9.9,33.8
13145,10.3,32.7
13147,11.0,36.1
13149,11.3,41.0
13151,11.9,39.3
13153,10.9,39.3
13155,12.8,40.3
13157,10.6,41.5
13159,11.6,39.5
13161,13.6,41.3
13163,15.8,44.2
13165,15.9,44.5
13167,14.6,42.8
13169,11.7,39.9
13171,11.8,41.5
13173,14.5,41.1
13175,12.9,41.5
13177,10.7,36.7
13179,13.9,45.9
13181,11.7,37.5
13183,12.5,41.3
13185,12.9,39.5
13187,10.3,35.1
13189,12.9,43.7
13191,13.2,41.8
13193,17.7,48.3
13195,11.7,39.0
13197,13.2,39.9
13199,13.4,40.7
13201,13.3,41.7
13205,15.3,46.8
13207,10.9,37.7
13209,13.9,42.7
13211,9.7,36.1
13213,11.4,38.0
13215,14.6,41.7
13217,12.7,42.3
13219,8.3,32.9
13221,11.2,36.0
13223,10.4,38.5
13225,13.0,42.7
13227,9.3,36.7
13229,11.4,39.6
13231,9.6,34.2
13233,11.9,41.7
13235,12.8,43.5
13237,12.0,42.1
13239,14.3,44.1
13241,10.2,36.7
13243,18.1,48.6
13245,14.7,44.4
13247,13.4,44.9
13249,11.8,38.2
13251,13.4,42.3
13253,13.3,42.4
13255,12.7,40.2
13257,11.3,37.5
13259,16.5,43.2
13261,14.7,44.0
13263,14.6,43.9
13265,14.5,43.3
13267,13.5,46.1
13269,14.8,42.7
13271,16.3,45.6
13273,16.0,47.1
13275,12.3,38.7
13277,13.4,41.9
13279,12.5,42.5
13281,9.6,37.0
13283,14.4,43.4
13285,12.6,41.5
13287,14.9,43.7
13289,13.0,42.0
13291,10.1,37.1
13293,12.9,41.7
13295,11.1,41.8
13297,11.4,35.8
13299,12.9,39.5
13301,14.4,44.6
13303,14.2,43.0
13305,12.9,41.3
13307,14.6,43.5
13309,15.7,47.5
13311,9.3,35.5
13313,13.2,36.9
13315,13.4,41.5
13317,13.2,43.9
13319,13.6,43.6
13321,12.4,39.1
15001,9.2,26.0
15003,11.4,26.2
15005,10.1,29.1
15007,9.8,22.8
15009,10.0,24.1
16001,7.7,28.7
16003,9.3,31.5
16005,9.6,36.8
16007,8.9,33.6
16009,9.7,34.0
16011,9.8,41.1
16013,7.9,25.5
16015,8.5,31.2
16017,8.4,26.7
16019,9.3,35.2
16021,9.3,30.9
16023,10.6,35.7
16025,8.3,32.8
16027,10.1,37.7
16029,8.7,32.8
16031,9.9,38.6
16033,11.6,35.7
16035,9.2,32.8
16037,8.7,32.8
16039,10.4,36.5
16041,9.2,33.1
16043,9.5,33.7
16045,8.6,31.4
16047,10.7,37.4
16049,9.5,32.6
16051,9.5,37.2
16053,11.3,40.1
16055,8.1,34.3
16057,8.7,29.1
16059,8.8,32.9
16061,10.0,36.2
16063,10.8,36.5
16065,10.6,36.6
16067,11.1,34.8
16069,9.4,35.5
16071,8.6,32.2
16073,10.5,34.6
16075,10.5,37.4
16077,10.7,37.7
16079,11.2,34.8
16081,8.2,28.8
16083,9.2,36.5
16085,9.5,33.5
16087,10.2,38.5
17001,9.7,39.5
17003,13.5,43.0
17005,11.3,37.6
17007,10.6,39.5
17009,11.7,40.6
17011,10.9,37.8
17013,8.8,34.6
17015,9.9,36.0
17017,11.1,38.5
17019,10.5,35.5
17021,9.9,36.4
17023,9.1,35.0
17025,10.6,38.3
17027,9.3,35.3
17029,10.7,38.5
17031,10.8,32.8
17033,10.1,36.8
17035,9.4,37.2
17037,10.3,35.7
17039,9.5,36.5
17041,10.0,36.7
17043,9.3,29.4
17045,10.1,37.4
17047,9.7,37.2
17049,8.9,35.5
17051,10.5,37.2
17053,9.6,38.0
17055,11.1,39.6
17057,10.8,39.3
17059,10.9,38.4
17061,10.0,37.5
17063,9.1,35.1
17065,10.3,37.8
17067,9.3,35.1
17069,10.5,37.8
17071,9.5,37.2
17073,8.8,34.7
17075,10.3,38.3
17077,12.1,39.0
17079,9.0,35.0
17081,10.5,38.8
17083,9.4,37.8
17085,9.0,34.2
17087,10.8,36.5
17089,10.0,37.3
17091,11.1,40.3
17093,9.3,36.4
17095,11.1,38.8
17097,10.6,31.9
17099,10.2,36.6
17101,11.5,37.8
17103,10.8,37.5
17105,10.2,38.2
17107,10.4,38.8
17109,11.2,39.3
17111,9.1,34.2
17113,10.0,35.4
17115,10.5,37.1
17117,10.1,38.1
17119,9.3,35.8
17121,10.8,38.5
17123,10.0,37.0
17125,9.8,35.2
17127,10.9,38.0
17129,9.1,35.3
17131,9.6,36.8
17133,8.1,32.6
17135,10.2,36.2
17137,10.3,37.3
17139,9.2,35.6
17141,10.3,35.9
17143,10.5,35.6
17145,11.9,39.5
17147,8.6,33.8
17149,10.1,37.3
17151,10.1,37.7
17153,13.5,42.8
17155,9.0,34.7
17157,10.5,37.7
17159,9.9,37.4
17161,10.6,37.4
17163,11.0,38.2
17165,10.9,39.6
17167,9.7,38.3
17169,10.5,39.3
17171,9.0,35.0
17173,9.9,37.2
17175,9.8,37.7
17177,10.5,42.1
17179,9.2,35.2
17181,10.3,37.6
17183,11.4,41.0
17185,10.6,37.6
17187,10.8,37.7
17189,8.9,35.8
17191,10.2,37.1
17193,10.9,38.1
17195,9.7,35.3
17197,9.9,36.6
17199,10.2,38.4
17201,11.5,38.5
17203,9.3,34.2
18001,12.5,40.0
18003,11.6,38.3
18005,10.3,34.0
18007,11.7,40.3
18009,11.5,37.5
18011,9.2,35.5
18013,9.8,36.9
18015,10.3,38.8
18017,11.8,40.3
18019,10.5,41.2
18021,10.4,42.3
18023,11.0,39.1
18025,11.7,41.0
18027,11.5,38.3
18029,9.1,35.1
18031,9.8,41.6
18033,9.7,37.5
18035,11.9,39.8
18037,10.3,38.4
18039,11.8,42.5
18041,12.5,41.1
18043,10.6,36.4
18045,10.2,39.0
18047,9.3,37.7
18049,11.4,41.8
18051,11.2,40.2
18053,12.1,43.0
18055,11.3,40.5
18057,8.2,27.9
18059,9.5,35.8
18061,10.1,36.5
18063,10.3,38.9
18065,11.8,44.4
18067,10.9,41.9
18069,10.8,39.0
18071,11.4,43.2
18073,9.8,38.0
18075,12.0,42.1
18077,10.8,38.4
18079,10.9,41.8
18081,10.6,42.1
18083,10.8,38.2
18085,10.5,39.5
18087,11.0,42.1
18089,11.7,38.1
18091,11.7,39.7
18093,11.1,39.8
18095,11.4,39.6
18097,13.0,39.3
18099,10.9,35.9
18101,10.9,39.6
18103,11.5,42.1
18105,10.1,37.6
18107,11.2,42.6
18109,10.7,37.8
18111,10.9,41.5
18113,10.2,36.5
18115,10.2,38.1
18117,10.9,41.7
18119,11.3,39.9
18121,10.8,38.3
18123,10.6,40.6
18125,10.6,41.7
18127,9.7,37.0
18129,9.2,36.4
18131,11.0,41.4
18133,10.5,39.4
18135,11.2,38.9
18137,10.3,37.4
18139,10.6,41.5
18141,11.3,37.8
18143,12.0,39.5
18145,11.0,39.7
18147,9.7,35.7
18149,10.5,40.1
18151,9.7,34.1
18153,11.2,38.1
18155,10.9,39.5
18157,11.7,35.1
18159,9.5,36.1
18161,10.2,40.3
18163,10.5,39.3
18165,10.7,40.8
18167,11.9,41.0
18169,10.4,36.9
18171,10.1,36.5
18173,9.3,39.8
18175,10.7,41.7
18177,11.7,39.4
18179,10.2,40.7
18181,10.6,39.3
18183,9.6,34.6
19001,9.8,41.9
19003,9.6,38.6
19005,9.9,38.3
19007,10.9,43.3
19009,9.8,41.7
19011,9.7,41.7
19013,10.6,39.1
19015,8.9,38.6
19017,9.3,39.5
19019,9.4,40.6
19021,11.2,41.0
19023,9.6,39.5
19025,9.6,38.9
19027,9.6,42.0
19029,10.6,44.9
19031,8.9,38.3
19033,9.9,38.4
19035,9.9,40.2
19037,9.0,37.7
19039,11.4,42.5
19041,9.2,40.6
19043,9.6,40.6
19045,9.5,40.9
19047,12.4,44.5
19049,8.5,32.2
19051,9.9,40.3
19053,9.8,38.1
19055,8.9,40.6
19057,10.1,36.6
19059,9.3,36.9
19061,9.7,41.5
19063,10.3,38.5
19065,10.5,39.7
19067,9.8,42.8
19069,10.4,41.0
19071,8.9,36.3
19073,9.8,41.5
19075,8.7,38.7
19077,8.8,39.8
19079,9.4,35.4
19081,9.1,36.2
19083,10.1,39.2
19085,10.2,40.1
19087,10.2,40.9
19089,9.7,37.3
19091,10.3,43.4
19093,9.5,37.3
19095,8.8,35.7
19097,9.9,41.8
19099,9.0,39.2
19101,10.7,37.4
19103,9.5,30.9
19105,9.5,39.4
19107,10.0,40.1
19109,9.8,37.6
19111,10.5,40.9
19113,10.1,37.3
19115,11.4,44.8
19117,10.7,41.1
19119,8.7,38.5
19121,8.5,38.2
19123,9.5,42.4
19125,8.3,38.3
19127,10.7,40.7
19129,9.6,40.7
19131,9.5,44.9
19133,10.2,40.9
19135,9.1,37.5
19137,10.4,39.8
19139,10.4,37.8
19141,10.4,38.8
19143,10.2,40.1
19145,10.4,43.9
19147,9.6,41.6
19149,9.1,37.5
19151,9.3,37.2
19153,10.0,38.9
19155,10.6,42.6
19157,9.6,42.3
19159,10.0,41.2
19161,9.0,41.1
19163,9.6,39.2
19165,9.6,35.0
19167,9.2,34.0
19169,9.5,35.5
19171,11.2,41.3
19173,10.2,40.3
19175,9.6,38.1
19177,10.5,41.0
19179,11.9,42.0
19181,9.6,42.1
19183,9.2,40.7
19185,10.5,39.3
19187,9.9,38.7
19189,8.7,39.0
19191,8.1,36.5
19193,11.4,38.5
19195,9.4,39.9
19197,10.9,41.8
20001,10.9,41.3
20003,10.7,36.4
20005,10.6,40.5
20007,10.7,41.9
20009,10.8,41.3
20011,11.2,42.5
20013,10.1,41.2
20015,9.7,40.1
20017,10.6,38.8
20019,11.6,40.3
20021,11.2,42.0
20023,10.8,39.9
20025,9.7,38.9
20027,10.5,40.1
20029,10.9,41.5
20031,10.9,39.5
20033,9.6,38.7
20035,11.3,41.8
20037,10.9,42.6
20039,10.3,38.6
20041,10.0,38.7
20043,9.9,39.0
20045,10.2,37.7
20047,11.1,42.2
20049,12.0,42.4
20051,9.6,41.4
20053,11.3,39.8
20055,13.9,43.5
20057,13.9,38.7
20059,9.4,34.2
20061,12.6,37.0
20063,9.6,40.2
20065,10.1,38.3
20067,11.6,40.8
20069,9.8,39.8
20071,9.4,36.5
20073,10.9,39.7
20075,11.2,40.0
20077,12.4,42.3
20079,9.7,37.3
20081,11.8,40.5
20083,9.7,37.1
20085,10.3,43.3
20087,9.3,41.5
20089,10.6,40.5
20091,7.9,31.6
20093,12.8,43.4
20095,10.2,40.7
20097,8.8,35.4
20099,11.2,43.6
20101,10.3,40.3
20103,9.9,40.1
20105,10.2,41.2
20107,10.4,38.6
20109,10.6,38.5
20111,11.3,39.1
20113,9.4,35.3
20115,9.5,38.7
20117,10.0,41.5
20119,10.9,40.4
20121,8.9,35.4
20123,10.0,40.1
20125,11.8,45.1
20127,10.2,40.4
20129,11.4,38.6
20131,9.0,34.6
20133,11.1,42.8
20135,10.7,37.8
20137,10.5,40.1
20139,10.1,39.7
20141,9.9,38.5
20143,9.9,36.9
20145,10.1,41.5
20147,10.4,37.6
20149,9.0,31.2
20151,10.4,38.7
20153,10.9,41.5
20155,10.8,38.0
20157,9.9,38.2
20159,10.2,36.9
20161,11.1,35.2
20163,9.1,38.3
20165,10.4,37.4
20167,10.1,37.0
20169,10.9,37.9
20171,11.2,41.2
20173,10.8,33.5
20175,14.3,45.5
20177,11.1,40.0
20179,9.2,37.8
20181,11.3,40.5
20183,9.5,41.0
20185,10.4,38.6
20187,12.5,43.2
20189,12.4,40.3
20191,10.5,39.8
20193,9.6,34.3
20195,9.5,36.2
20197,9.6,41.2
20199,10.5,40.6
20201,9.8,40.3
20203,11.1,40.9
20205,10.5,40.5
20207,10.5,38.4
20209,15.1,41.5
21001,12.1,37.3
21003,12.1,41.8
21005,11.4,38.1
21007,12.2,39.5
21009,12.3,40.7
21011,11.5,38.4
21013,14.3,44.2
21015,10.6,38.5
21017,12.4,40.5
21019,12.0,40.8
21021,11.5,38.0
21023,11.9,37.2
21025,13.1,43.1
21027,14.0,40.1
21029,11.0,38.1
21031,12.7,42.8
21033,11.9,38.0
21035,11.8,40.6
21037,10.3,35.5
21039,12.4,40.8
21041,12.9,40.4
21043,12.8,42.9
21045,14.2,41.4
21047,13.9,41.8
21049,11.6,40.0
21051,14.6,43.2
21053,13.1,39.6
21055,12.1,41.0
21057,13.3,42.8
21059,11.4,35.6
21061,12.3,42.7
21063,13.8,42.2
21065,13.2,42.2
21067,11.5,34.9
21069,13.0,41.0
21071,12.7,39.9
21073,11.1,37.6
21075,15.7,45.4
21077,12.2,40.3
21079,12.2,39.5
21081,11.2,37.8
21083,12.2,40.5
21085,12.5,42.2
21087,13.5,42.0
21089,11.7,43.8
21091,11.2,38.4
21093,12.1,38.9
21095,14.5,44.7
21097,11.5,40.0
21099,13.5,38.2
21101,11.0,40.3
21103,12.5,40.6
21105,11.7,40.8
21107,13.2,40.7
21109,13.9,41.9
21111,12.0,37.2
21113,10.5,36.7
21115,13.5,42.4
21117,10.4,34.7
21119,14.1,42.5
21121,13.2,40.6
21123,13.0,42.3
21125,12.6,41.1
21127,12.9,39.7
21129,16.0,43.3
21131,13.8,43.7
21133,12.7,40.6
21135,14.1,46.3
21137,12.3,40.2
21139,11.5,41.1
21141,12.1,40.2
21143,12.1,38.3
21145,12.3,41.6
21147,15.1,43.2
21149,11.3,39.8
21151,11.1,35.9
21153,15.1,44.8
21155,12.9,41.1
21157,10.9,38.5
21159,15.3,43.3
21161,12.2,40.0
21163,11.2,37.8
21165,13.4,40.8
21167,11.0,38.4
21169,12.6,41.7
21171,12.2,39.4
21173,12.1,42.3
21175,13.0,38.7
21177,12.5,41.4
21179,10.4,34.4
21181,12.4,40.2
21183,11.9,40.3
21185,9.0,34.2
21187,11.6,38.8
21189,13.7,41.2
21191,12.1,39.9
21193,12.8,41.0
21195,12.9,41.2
21197,12.0,39.7
21199,12.9,39.3
21201,13.2,40.8
21203,13.3,40.5
21205,13.2,41.5
21207,13.7,40.0
21209,10.5,36.4
21211,10.5,36.1
21213,11.6,41.0
21215,10.8,36.9
21217,11.8,38.2
21219,13.7,39.6
21221,12.5,40.3
21223,11.2,38.6
21225,12.2,38.9
21227,12.1,36.3
21229,11.8,37.4
21231,14.2,42.1
21233,12.8,38.2
21235,12.4,41.4
21237,16.1,44.7
21239,10.0,35.1
22001,12.4,36.8
22003,13.2,40.9
22005,11.2,36.8
22007,13.7,41.2
22009,15.0,45.8
22011,11.8,36.8
22013,16.3,46.6
22015,12.0,44.7
22017,14.9,45.9
22019,13.4,43.0
22021,13.9,39.1
22023,11.7,39.8
22025,13.7,42.7
22027,17.9,45.1
22029,15.4,42.0
22031,13.5,40.0
22033,12.7,37.9
22035,20.4,51.3
22037,13.2,40.3
22039,15.6,46.3
22041,14.7,45.1
22043,13.2,38.8
22045,14.4,43.4
22047,14.1,45.7
22049,14.1,40.6
22051,12.7,39.7
22053,11.8,42.3
22055,12.0,34.7
22057,12.7,42.7
22059,12.2,39.9
22061,14.2,42.0
22063,11.0,37.2
22065,18.5,47.4
22067,16.1,44.7
22069,14.7,45.0
22071,13.6,38.1
22073,13.0,42.1
22075,12.7,39.8
22077,13.6,42.3
22079,13.7,42.0
22081,14.9,46.4
22083,14.8,43.3
22085,14.0,46.4
22087,14.1,44.1
22089,11.0,37.3
22091,15.2,46.3
22093,13.5,43.9
22095,14.8,43.8
22097,15.0,48.4
22099,13.1,40.9
22101,15.1,44.6
22103,11.0,35.1
22105,13.0,42.3
22107,17.8,46.6
22109,12.1,40.5
22111,13.6,43.9
22113,12.6,39.1
22115,12.3,39.5
22117,14.8,43.3
22119,15.5,45.7
22121,13.1,40.6
22123,13.4,41.0
22125,13.1,40.4
22127,13.9,43.6
23001,9.4,36.4
23003,10.0,41.7
23005,7.4,29.4
23007,8.2,33.4
23009,7.5,28.3
23011,8.6,33.6
23013,7.3,27.9
23015,7.6,31.8
23017,9.1,36.7
23019,8.8,38.8
23021,8.9,35.8
23023,8.0,30.7
23025,9.1,37.3
23027,7.7,33.5
23029,9.4,37.7
23031,7.8,29.5
24001,11.6,37.3
24003,8.8,34.7
24005,10.6,33.2
24009,9.2,33.9
24011,11.7,38.6
24013,8.5,31.5
24015,10.7,37.6
24017,11.7,42.9
24019,12.0,41.8
24021,9.9,31.2
24023,10.4,37.3
24025,9.1,34.8
24027,8.8,26.9
24029,9.5,38.9
24031,9.1,24.2
24033,13.0,36.0
24035,8.6,32.7
24037,10.8,35.2
24039,13.6,43.6
24041,9.1,31.7
24043,11.1,42.3
24045,12.0,36.7
24047,10.3,36.2
24510,13.8,38.5
25001,7.2,26.5
25003,8.1,28.9
25005,9.6,33.0
25007,8.0,28.6
25009,8.5,30.8
25011,7.2,25.8
25013,11.2,35.9
25015,8.3,27.7
25017,7.1,22.1
25019,7.5,28.3
25021,7.8,27.0
25023,8.0,30.2
25025,10.2,28.0
25027,9.3,32.7
26001,9.9,36.6
26003,9.6,34.7
26005,9.1,31.6
26007,9.7,38.7
26009,8.1,34.8
26011,9.9,38.3
26013,10.4,38.3
26015,8.2,33.8
26017,8.8,37.2
26019,8.9,35.0
26021,9.9,40.0
26023,10.1,39.6
26025,10.5,38.9
26027,9.4,35.1
26029,9.1,36.6
26031,9.6,36.8
26033,10.6,39.3
26035,10.3,42.3
26037,7.9,35.9
26039,10.1,38.2
26041,8.8,35.6
26043,8.5,32.3
26045,8.7,34.9
26047,8.2,31.4
26049,10.4,39.1
26051,9.6,38.1
26053,9.9,37.3
26055,7.9,30.8
26057,9.5,35.6
26059,9.8,36.8
26061,9.3,34.2
26063,9.4,38.8
26065,9.2,34.0
26067,9.7,38.7
26069,10.6,38.2
26071,10.0,37.1
26073,10.5,38.5
26075,10.0,39.7
26077,9.1,35.7
26079,10.2,35.7
26081,9.6,33.5
26083,8.0,34.3
26085,11.8,42.0
26087,9.4,35.5
26089,7.7,31.2
26091,9.4,42.4
26093,7.6,35.4
26095,10.5,39.0
26097,10.5,38.1
26099,9.7,36.7
26101,8.9,38.0
26103,8.9,32.0
26105,9.3,39.4
26107,10.1,33.4
26109,9.4,37.3
26111,8.4,31.1
26113,9.7,38.3
26115,9.8,38.0
26117,9.8,39.2
26119,9.7,38.0
26121,11.2,43.0
26123,9.8,39.2
26125,7.9,29.7
26127,10.0,37.9
26129,9.9,38.3
26131,9.9,38.1
26133,9.8,38.7
26135,10.0,36.9
26137,9.6,34.4
26139,8.1,35.9
26141,9.4,35.9
26143,9.8,35.4
26145,11.1,43.0
26147,9.6,40.8
26149,10.5,37.4
26151,10.1,38.5
26153,10.8,37.5
26155,9.1,36.1
26157,10.3,39.4
26159,10.3,39.5
26161,8.5,30.1
26163,11.6,36.7
26165,9.6,38.2
27001,9.3,36.2
27003,8.6,35.9
27005,8.9,39.3
27007,10.4,41.1
27009,8.6,37.2
27011,9.4,42.6
27013,9.9,42.1
27015,9.3,39.9
27017,9.1,41.2
27019,7.3,33.1
27021,9.8,38.1
27023,9.0,41.6
27025,8.5,38.3
27027,8.9,35.1
27029,9.6,39.2
27031,8.4,34.8
27033,10.0,39.3
27035,8.9,38.6
27037,8.9,32.9
27039,8.0,37.6
27041,9.1,38.6
27043,9.0,37.2
27045,9.3,37.2
27047,10.4,40.6
27049,8.3,36.4
27051,9.4,38.0
27053,7.9,27.4
27055,9.0,38.4
27057,8.7,40.0
27059,8.6,38.6
27061,8.4,34.6
27063,8.3,40.0
27065,9.2,37.8
27067,9.5,36.6
27069,9.1,39.3
27071,9.3,36.9
27073,8.8,35.1
27075,8.7,34.7
27077,9.3,38.3
27079,9.4,38.7
27081,9.2,38.2
27083,9.4,45.5
27085,8.9,40.3
27087,13.3,44.3
27089,9.0,42.2
27091,9.0,38.0
27093,8.8,41.1
27095,9.9,42.6
27097,8.8,39.8
27099,10.4,40.7
27101,9.5,40.5
27103,8.8,36.5
27105,11.3,40.7
27107,9.0,37.9
27109,8.7,35.4
27111,10.1,38.2
27113,8.8,30.5
27115,9.6,38.9
27117,9.5,39.5
27119,9.3,38.8
27121,8.8,38.1
27123,9.8,32.6
27125,9.6,36.8
27127,9.2,39.0
27129,9.8,38.4
27131,9.0,35.0
27133,9.1,37.8
27135,8.6,33.3
27137,9.2,36.7
27139,8.4,33.6
27141,8.6,37.7
27143,9.2,40.7
27145,9.6,38.4
27147,8.8,36.9
27149,9.4,37.9
27151,9.7,39.7
27153,9.5,40.5
27155,9.2,38.3
27157,8.0,33.1
27159,9.8,42.9
27161,8.7,41.2
27163,7.1,30.9
27165,10.3,39.3
27167,9.3,41.1
27169,8.9,34.8
27171,8.5,37.2
27173,9.4,39.6
28001,16.0,43.6
28003,12.3,42.4
28005,15.0,45.0
28007,14.6,44.4
28009,13.8,43.6
28011,15.5,45.6
28013,14.2,41.9
28015,14.8,42.1
28017,15.1,47.3
28019,12.7,41.6
28021,18.2,51.2
28023,13.6,44.7
28025,16.0,42.6
28027,19.0,48.4
28029,14.7,46.3
28031,13.7,41.4
28033,11.3,39.6
28035,13.6,43.9
28037,14.0,42.3
28039,12.1,40.4
28041,13.1,42.6
28043,14.7,45.0
28045,11.2,36.3
28047,12.3,34.7
28049,16.1,47.0
28051,19.6,53.0
28053,20.1,51.0
28055,16.4,46.1
28057,11.4,37.8
28059,11.4,38.4
28061,14.7,44.1
28063,18.8,52.2
28065,15.6,43.8
28067,12.6,43.4
28069,15.0,47.2
28071,11.8,40.0
28073,11.4,39.5
28075,14.3,39.3
28077,14.5,43.3
28079,15.4,45.1
28081,12.5,40.6
28083,18.9,45.8
28085,13.6,42.9
28087,13.6,44.1
28089,10.7,37.2
28091,14.1,44.1
28093,14.6,44.4
28095,13.5,40.9
28097,16.1,45.5
28099,14.8,42.4
28101,14.2,44.3
28103,16.7,47.0
28105,14.4,41.1
28107,15.5,46.0
28109,11.4,40.3
28111,14.0,41.7
28113,16.0,46.1
28115,11.9,43.4
28117,11.8,40.4
28119,18.4,50.3
28121,10.6,36.3
28123,15.8,45.8
28125,18.9,49.8
28127,13.2,41.7
28129,13.5,42.0
28131,12.8,41.4
28133,17.4,47.5
28135,16.3,45.3
28137,12.8,40.4
28139,12.4,42.2
28141,11.5,39.9
28143,18.6,50.1
28145,11.7,39.8
28147,14.3,41.4
28149,13.2,41.8
28151,16.1,44.6
28153,13.9,45.5
28155,11.8,39.8
28157,17.4,49.3
28159,14.6,45.3
28161,14.4,43.1
28163,16.8,45.4
29001,11.1,42.0
29003,9.4,42.1
29005,10.1,39.4
29007,11.4,40.2
29009,10.7,38.4
29011,11.9,42.7
29013,10.3,38.3
29015,10.7,38.4
29017,10.9,41.2
29019,9.6,33.1
29021,11.0,40.1
29023,11.2,41.2
29025,10.7,40.0
29027,10.6,41.7
29029,9.7,33.5
29031,10.5,40.7
29033,10.0,38.9
29035,11.1,40.0
29037,9.0,35.1
29039,11.5,42.0
29041,9.4,36.2
29043,9.3,36.7
29045,11.1,40.4
29047,9.6,35.2
29049,9.2,38.2
29051,9.2,36.7
29053,10.4,41.1
29055,11.2,38.7
29057,11.4,44.5
29059,10.9,40.6
29061,10.7,37.4
29063,10.0,42.3
29065,11.3,38.9
29067,11.0,38.7
29069,12.1,43.1
29071,9.3,38.8
29073,9.7,38.6
29075,10.4,37.6
29077,9.5,34.5
29079,10.9,39.7
29081,10.7,42.5
29083,10.5,40.1
29085,11.6,43.9
29087,10.3,39.6
29089,10.3,40.0
29091,11.9,40.5
29093,10.9,39.4
29095,10.7,38.8
29097,10.7,35.8
29099,9.4,39.1
29101,10.1,40.0
29103,10.9,38.9
29105,11.1,44.1
29107,9.7,38.9
29109,10.8,41.9
29111,11.1,39.9
29113,9.5,41.3
29115,10.9,41.4
29117,10.0,38.6
29119,12.7,41.2
29121,10.0,36.9
29123,10.2,38.0
29125,10.6,38.8
29127,10.3,36.1
29129,10.3,42.4
29131,10.4,39.7
29133,13.7,44.5
29135,10.7,39.8
29137,10.6,41.4
29139,10.5,41.2
29141,11.2,43.1
29143,11.9,41.7
29145,9.9,36.9
29147,10.9,42.3
29149,11.6,44.3
29151,8.7,36.6
29153,12.4,44.2
29155,13.8,43.8
29157,10.1,37.3
29159,10.4,39.0
29161,10.6,39.2
29163,11.2,43.3
29165,9.3,39.5
29167,11.4,42.0
29169,10.5,35.4
29171,9.5,40.7
29173,10.3,40.0
29175,10.9,41.6
29177,10.2,40.4
29179,11.3,40.6
29181,11.3,42.8
29183,8.5,36.1
29185,11.1,41.1
29186,10.3,36.7
29187,10.8,40.0
29189,10.2,33.4
29195,10.9,39.1
29197,9.5,39.8
29199,10.8,39.2
29201,12.0,43.4
29203,11.4,41.4
29205,11.4,41.4
29207,11.3,45.2
29209,10.3,40.0
29211,12.0,40.0
29213,11.0,39.2
29215,11.3,41.3
29217,10.7,41.3
29219,9.8,37.6
29221,11.1,39.0
29223,10.9,41.4
29225,10.3,38.6
29227,10.7,39.7
29229,11.8,40.9
29510,12.0,36.7
30001,8.0,31.3
30003,12.4,41.4
30005,11.3,41.4
30007,8.3,32.0
30009,7.6,29.0
30011,8.2,33.4
30013,8.0,35.6
30015,8.9,34.5
30017,8.1,35.8
30019,8.0,31.9
30021,7.6,35.7
30023,8.2,32.9
30025,7.7,33.5
30027,7.8,32.1
30029,7.0,30.2
30031,6.6,23.7
30033,7.9,32.0
30035,14.2,36.2
30037,9.1,34.1
30039,8.1,32.4
30041,9.5,34.9
30043,7.3,29.4
30045,7.9,33.4
30047,9.1,33.9
30049,6.5,30.1
30051,10.1,37.4
30053,8.6,30.9
30055,7.1,34.2
30057,7.1,26.5
30059,7.4,33.7
30061,8.1,35.1
30063,7.1,29.2
30065,8.2,33.3
30067,7.2,27.7
30069,7.8,32.8
30071,7.7,39.4
30073,8.8,34.4
30075,8.4,33.2
30077,8.6,32.7
30079,10.3,36.5
30081,7.1,32.7
30083,7.8,35.7
30085,13.0,40.6
30087,10.8,39.7
30089,8.6,35.3
30091,7.4,32.7
30093,8.1,29.8
30095,6.8,31.9
30097,7.3,32.1
30099,7.6,31.3
30101,8.8,35.1
30103,7.6,31.0
30105,8.3,36.1
30107,9.0,35.4
30109,8.3,34.5
30111,8.2,34.6
31001,9.6,40.7
31003,8.9,40.8
31005,9.3,39.0
31007,9.0,39.0
31009,9.8,39.4
31011,9.0,35.3
31013,9.8,40.5
31015,9.7,40.7
31017,9.4,40.6
31019,10.2,43.4
31021,9.7,40.6
31023,8.4,39.4
31025,8.3,38.1
31027,8.8,40.4
31029,10.0,38.5
31031,10.8,42.0
31033,9.7,41.2
31035,9.9,44.2
31037,12.2,38.8
31039,9.7,39.7
31041,9.6,38.7
31043,12.7,45.8
31045,9.7,39.5
31047,11.9,41.4
31049,9.7,38.5
31051,10.2,40.5
31053,9.6,38.7
31055,10.0,35.8
31057,9.5,41.2
31059,9.1,38.9
31061,9.9,42.3
31063,9.7,40.6
31065,10.0,41.4
31067,10.2,42.6
31069,10.7,42.3
31071,8.5,37.9
31073,9.0,38.7
31075,8.4,36.6
31077,9.0,38.1
31079,11.0,38.0
31081,9.0,41.7
31083,8.8,36.6
31085,10.6,40.5
31087,10.0,43.4
31089,9.9,39.2
31091,9.2,39.9
31093,8.8,38.1
31095,9.9,39.9
31097,9.8,40.3
31099,9.4,38.3
31101,9.5,37.0
31103,9.7,39.8
31105,11.0,43.8
31107,10.1,43.8
31109,9.2,33.1
31111,11.3,39.4
31113,7.8,37.9
31115,9.4,38.7
31117,10.0,40.8
31119,10.2,40.3
31121,9.5,40.1
31123,9.7,38.9
31125,9.9,40.5
31127,9.5,40.9
31129,8.8,38.2
31131,9.4,37.2
31133,9.9,39.2
31135,9.6,39.3
31137,8.7,43.2
31139,8.6,41.4
31141,9.6,36.4
31143,9.4,40.2
31145,9.0,39.5
31147,10.5,44.2
31149,9.0,41.0
31151,11.4,40.8
31153,10.0,38.4
31155,8.6,36.2
31157,10.8,42.0
31159,8.0,41.7
31161,9.8,36.3
31163,10.0,40.0
31165,11.2,40.9
31167,9.5,37.9
31169,10.3,40.2
31171,8.9,36.9
31173,14.4,48.8
31175,9.1,40.2
31177,8.1,37.8
31179,9.6,37.3
31181,10.1,39.5
31183,9.4,38.6
31185,8.5,38.9
32001,9.6,33.6
32003,10.3,32.8
32005,7.6,30.5
32007,9.6,35.5
32009,11.2,35.5
32011,10.1,33.9
32013,10.8,33.8
32015,10.2,33.8
32017,9.1,32.1
32019,9.8,35.9
32021,11.7,35.0
32023,10.7,32.0
32027,10.0,34.8
32029,8.1,31.3
32031,9.6,29.8
32033,10.1,33.4
32510,9.9,32.6
33001,8.1,30.3
33003,7.0,28.5
33005,8.1,31.2
33007,9.1,35.9
33009,7.6,28.8
33011,7.7,29.8
33013,7.9,30.7
33015,7.5,31.7
33017,9.1,32.9
33019,8.6,32.3
34001,10.0,33.2
34003,8.4,25.8
34005,8.4,32.6
34007,10.1,32.8
34009,8.5,31.7
34011,11.3,36.8
34013,10.2,29.1
34015,8.7,36.3
34017,10.1,30.7
34019,7.5,26.5
34021,8.9,30.7
34023,9.9,26.9
34025,7.9,29.3
34027,7.3,25.9
34029,8.5,33.2
34031,10.7,31.7
34033,8.8,36.3
34035,7.8,26.9
34037,7.6,29.3
34039,9.3,28.0
34041,7.7,29.1
35001,9.3,28.1
35003,11.2,33.0
35005,12.0,42.0
35006,13.8,38.3
35007,11.0,35.6
35009,10.7,34.9
35011,11.0,33.1
35013,12.1,36.0
35015,11.6,39.1
35017,11.2,35.0
35019,14.0,35.6
35021,11.3,35.0
35023,12.5,34.9
35025,12.7,35.5
35027,9.8,30.5
35028,6.4,22.4
35029,14.8,38.7
35031,16.6,37.4
35033,13.2,37.0
35035,11.2,38.8
35037,11.9,36.0
35039,13.2,38.8
35041,11.4,34.3
35043,10.0,31.1
35045,12.1,38.1
35047,12.7,35.1
35049,8.9,23.1
35051,11.1,33.7
35053,13.4,35.0
35055,10.5,29.0
35057,12.1,34.8
35059,12.1,35.4
35061,11.5,35.5
36001,8.4,33.5
36003,9.1,34.3
36005,15.0,37.2
36007,8.9,33.3
36009,9.6,36.5
36011,9.2,41.0
36013,9.5,34.7
36015,9.6,34.2
36017,9.7,37.5
36019,9.8,41.8
36021,8.1,33.0
36023,9.3,34.0
36025,9.2,35.9
36027,8.4,34.3
36029,8.9,32.7
36031,8.4,36.0
36033,9.8,36.6
36035,9.7,36.3
36037,9.0,35.3
36039,8.3,32.4
36041,9.1,37.3
36043,8.8,37.8
36045,9.9,37.4
36047,10.9,26.9
36049,8.7,35.9
36051,8.7,32.4
36053,8.1,34.4
36055,8.8,36.1
36057,10.2,36.0
36059,9.0,26.9
36061,8.6,21.2
36063,8.9,34.6
36065,9.0,38.2
36067,9.2,35.1
36069,8.3,34.1
36071,9.4,37.3
36073,8.6,36.2
36075,9.2,38.5
36077,8.9,35.5
36079,8.2,30.1
36081,10.7,24.7
36083,8.7,34.6
36085,9.7,29.4
36087,10.2,32.0
36089,9.9,37.1
36091,7.1,32.1
36093,8.9,34.3
36095,9.1,37.6
36097,9.2,37.6
36099,8.9,37.4
36101,8.8,36.6
36103,8.4,29.8
36105,10.6,34.8
36107,8.3,35.2
36109,8.4,33.0
36111,8.9,32.2
36113,8.4,34.7
36115,8.8,36.0
36117,8.4,37.2
36119,8.2,26.6
36121,8.8,35.8
36123,9.5,35.3
37001,11.3,38.0
37003,9.7,33.8
37005,11.1,36.6
37007,13.9,43.1
37009,9.6,33.9
37011,10.1,33.1
37013,11.5,38.3
37015,14.9,43.5
37017,12.7,38.6
37019,9.2,30.9
37021,8.0,26.2
37023,10.4,32.0
37025,9.9,34.6
37027,10.5,35.0
37029,9.4,34.3
37031,9.2,31.6
37033,12.2,35.5
37035,10.1,34.1
37037,9.9,30.7
37039,10.6,31.5
37041,12.2,39.4
37043,9.6,32.7
37045,11.3,37.8
37047,13.4,39.2
37049,11.6,36.1
37051,12.2,39.6
37053,9.0,33.2
37055,8.2,29.5
37057,10.3,34.5
37059,9.7,34.0
37061,12.6,39.4
37063,10.2,32.5
37065,14.3,40.5
37067,10.6,31.8
37069,11.2,38.0
37071,10.9,36.5
37073,11.5,37.3
37075,10.4,34.0
37077,11.8,37.5
37079,13.8,41.2
37081,11.0,33.5
37083,14.5,41.2
37085,11.5,39.4
37087,9.2,31.5
37089,9.2,33.9
37091,15.0,43.4
37093,13.0,35.6
37095,13.5,39.2
37097,9.7,33.5
37099,10.1,32.4
37101,11.0,36.2
37103,12.3,38.2
37105,11.7,38.4
37107,13.6,40.4
37109,9.7,33.2
37111,11.0,33.3
37113,10.0,31.3
37115,9.8,31.9
37117,13.3,38.5
37119,10.6,34.1
37121,9.5,34.1
37123,11.4,37.5
37125,9.2,32.1
37127,12.2,42.1
37129,9.1,32.4
37131,13.9,40.3
37133,10.6,32.1
37135,8.7,26.3
37137,10.9,36.6
37139,11.4,36.0
37141,10.1,31.3
37143,10.6,33.8
37145,11.9,40.5
37147,11.6,37.3
37149,8.3,32.2
37151,10.9,32.5
37153,12.8,39.8
37155,15.6,41.9
37157,11.8,37.8
37159,11.3,33.9
37161,11.0,36.7
37163,13.3,38.5
37165,14.8,41.1
37167,10.3,34.3
37169,9.9,33.1
37171,11.1,35.3
37173,12.0,36.8
37175,8.8,32.8
37177,12.3,37.0
37179,9.5,31.1
37181,13.6,41.2
37183,8.9,25.6
37185,14.5,42.0
37187,13.8,41.0
37189,9.9,33.7
37191,12.2,39.1
37193,10.6,35.2
37195,13.7,39.2
37197,10.7,36.1
37199,9.8,32.3
38001,9.5,38.2
38003,8.5,37.8
38005,13.5,42.1
38007,8.4,35.9
38009,9.2,39.3
38011,9.0,37.2
38013,7.9,35.1
38015,8.3,39.2
38017,8.4,34.1
38019,8.3,36.6
38021,9.3,38.4
38023,9.1,36.7
38025,9.0,37.8
38027,9.8,39.7
38029,8.6,36.8
38031,8.3,39.9
38033,9.1,40.9
38035,9.3,37.4
38037,10.0,40.5
38039,8.5,37.0
38041,8.8,37.5
38043,9.0,38.1
38045,8.2,37.6
38047,9.4,38.2
38049,8.7,37.0
38051,9.6,40.9
38053,9.9,35.5
38055,8.3,36.4
38057,9.2,36.3
38059,9.0,35.8
38061,10.9,39.7
38063,8.6,39.2
38065,8.9,40.0
38067,9.1,34.3
38069,8.3,36.3
38071,9.1,36.0
38073,8.8,38.3
38075,8.5,37.4
38077,9.1,41.9
38079,15.4,45.4
38081,8.8,36.0
38083,8.7,37.4
38085,19.2,49.4
38087,8.6,37.4
38089,9.0,39.3
38091,8.5,37.2
38093,9.2,40.2
38095,10.3,36.6
38097,8.6,38.2
38099,10.0,38.5
38101,8.9,37.4
38103,8.6,37.9
38105,9.2,37.7
39001,13.2,45.2
39003,12.9,47.1
39005,11.5,40.5
39007,12.3,43.1
39009,11.7,38.3
39011,10.1,42.6
39013,12.2,43.0
39015,11.5,42.6
39017,11.6,36.5
39019,12.3,40.7
39021,11.1,39.7
39023,12.3,41.8
39025,10.7,40.1
39027,12.0,41.6
39029,12.2,47.0
39031,12.4,40.5
39033,12.4,44.0
39035,11.1,37.8
39037,11.7,40.1
39039,11.2,42.2
39041,8.9,32.2
39043,10.5,36.7
39045,11.4,39.0
39047,13.0,40.6
39049,11.8,36.1
39051,11.5,42.4
39053,12.7,40.1
39055,9.9,36.3
39057,10.7,39.2
39059,12.3,41.5
39061,12.9,38.6
39063,10.9,37.0
39065,12.9,45.3
39067,11.6,41.4
39069,11.3,42.8
39071,12.4,43.1
39073,12.8,42.7
39075,12.3,42.7
39077,11.7,41.9
39079,12.4,43.7
39081,11.1,40.1
39083,10.2,35.8
39085,10.8,40.9
39087,13.0,44.9
39089,10.8,36.0
39091,11.6,38.7
39093,11.6,39.6
39095,12.8,42.4
39097,11.6,41.7
39099,12.5,39.7
39101,12.8,45.2
39103,10.4,36.0
39105,13.1,48.7
39107,10.9,37.8
39109,10.5,39.8
39111,12.1,43.0
39113,12.4,41.5
39115,11.8,41.8
39117,12.5,42.6
39119,11.8,41.2
39121,12.7,44.8
39123,10.3,41.2
39125,11.8,39.4
39127,12.0,42.9
39129,11.2,42.9
39131,13.3,40.6
39133,10.6,38.5
39135,11.4,38.5
39137,10.1,40.0
39139,12.0,39.8
39141,13.0,42.2
39143,12.1,42.2
39145,12.9,43.7
39147,12.1,47.1
39149,11.4,37.9
39151,10.8,38.3
39153,11.2,39.5
39155,12.8,44.6
39157,12.0,43.7
39159,8.7,37.4
39161,10.9,42.3
39163,12.8,41.2
39165,9.9,34.1
39167,12.0,44.7
39169,10.6,40.1
39171,11.5,41.5
39173,10.6,35.7
39175,10.3,40.0
40001,15.6,43.6
40003,11.1,37.7
40005,13.4,42.8
40007,11.3,39.2
40009,12.1,42.7
40011,12.6,43.6
40013,12.6,41.2
40015,14.2,41.0
40017,10.9,42.4
40019,12.1,40.7
40021,14.2,44.3
40023,13.8,45.4
40025,10.7,39.5
40027,11.4,36.9
40029,14.1,43.2
40031,12.7,43.8
40033,12.8,42.4
40035,14.4,43.6
40037,11.8,39.4
40039,11.8,38.8
40041,13.0,43.0
40043,11.8,40.8
40045,11.1,41.2
40047,11.4,42.3
40049,12.3,42.4
40051,11.1,41.0
40053,12.2,44.8
40055,12.7,41.5
40057,13.6,43.5
40059,12.0,43.2
40061,13.5,43.7
40063,14.2,47.6
40065,12.8,42.7
40067,13.3,45.2
40069,13.6,43.7
40071,11.9,44.0
40073,11.0,41.3
40075,13.5,45.4
40077,14.3,46.4
40079,13.5,42.7
40081,11.8,42.3
40083,11.2,42.2
40085,12.2,43.5
40087,11.0,37.9
40089,14.5,45.1
40091,13.5,42.1
40093,10.8,41.6
40095,13.1,43.7
40097,13.1,43.1
40099,12.0,44.4
40101,12.9,44.6
40103,11.2,40.5
40105,12.6,41.2
40107,14.7,44.6
40109,11.9,39.4
40111,13.8,44.2
40113,12.3,40.3
40115,13.9,44.0
40117,11.4,40.7
40119,11.8,38.5
40121,12.4,41.4
40123,12.5,43.3
40125,12.2,42.6
40127,14.3,43.5
40129,11.5,40.3
40131,10.6,40.9
40133,13.8,43.0
40135,14.1,41.2
40137,11.4,42.3
40139,14.0,41.3
40141,13.7,42.4
40143,11.6,37.0
40145,10.7,43.5
40147,12.3,41.6
40149,11.4,40.7
40151,11.0,40.7
40153,11.8,42.0
41001,9.5,34.3
41003,8.8,26.4
41005,7.8,29.0
41007,8.4,30.3
41009,9.0,36.9
41011,9.5,31.1
41013,9.3,33.0
41015,9.8,31.7
41017,8.2,27.0
41019,9.7,35.1
41021,9.1,31.8
41023,9.3,30.9
41025,10.1,34.8
41027,9.0,30.5
41029,9.7,35.9
41031,10.3,34.9
41033,9.9,32.8
41035,10.2,38.4
41037,10.3,34.1
41039,9.2,32.5
41041,9.6,32.0
41043,9.2,34.8
41045,12.1,38.3
41047,11.1,39.4
41049,11.7,37.4
41051,8.5,28.9
41053,9.9,34.4
41055,9.5,33.2
41057,9.1,30.8
41059,10.8,37.8
41061,9.5,35.6
41063,8.2,30.4
41065,9.6,32.9
41067,8.8,29.6
41069,9.8,35.3
41071,9.2,34.5
42001,8.8,37.3
42003,9.4,32.0
42005,9.3,37.9
42007,9.0,37.2
42009,9.5,35.3
42011,9.8,35.0
42013,10.1,36.2
42015,9.3,34.9
42017,8.8,30.4
42019,7.8,32.7
42021,9.7,37.1
42023,10.6,38.0
42025,9.5,34.4
42027,9.2,34.7
42029,7.9,29.5
42031,9.4,35.7
42033,10.1,36.9
42035,9.4,35.3
42037,9.5,37.2
42039,9.5,37.8
42041,8.8,33.0
42043,10.6,34.3
42045,9.5,31.4
42047,9.2,37.8
42049,9.8,36.9
42051,10.3,34.8
42053,11.9,40.4
42055,9.4,39.2
42057,9.0,36.0
42059,9.7,36.0
42061,9.4,35.8
42063,9.6,40.1
42065,9.8,35.8
42067,9.7,36.1
42069,9.5,33.2
42071,8.9,35.7
42073,9.6,35.8
42075,9.4,37.3
42077,10.2,34.3
42079,10.1,38.7
42081,9.1,35.6
42083,9.6,36.3
42085,9.2,35.7
42087,10.1,38.7
42089,10.3,37.7
42091,8.5,31.2
42093,9.6,35.3
42095,9.2,33.7
42097,9.6,37.7
42099,8.8,34.9
42101,14.4,34.5
42103,9.2,33.9
42105,9.5,38.2
42107,10.0,39.0
42109,9.4,36.5
42111,9.3,36.6
42113,10.1,36.6
42115,8.4,33.2
42117,9.6,38.8
42119,9.8,35.3
42121,9.5,35.5
42123,9.0,34.6
42125,8.9,38.2
42127,10.0,35.2
42129,8.0,31.4
42131,9.3,35.8
42133,8.8,35.3
44001,7.9,25.6
44003,8.8,32.9
44005,7.4,27.6
44007,10.7,32.4
44009,7.7,25.0
45001,11.7,38.7
45003,10.5,37.0
45005,16.6,44.5
45007,11.0,38.5
45009,14.4,44.3
45011,14.0,43.4
45013,9.2,27.9
45015,11.0,36.6
45017,12.5,38.4
45019,9.4,28.8
45021,11.5,32.3
45023,12.3,42.0
45025,12.6,39.8
45027,13.5,45.6
45029,13.5,44.8
45031,12.6,41.4
45033,16.6,42.3
45035,10.9,36.4
45037,12.9,39.1
45039,14.8,41.1
45041,12.3,38.8
45043,10.5,33.9
45045,8.9,30.0
45047,12.1,40.5
45049,14.9,43.7
45051,10.4,34.7
45053,12.8,37.5
45055,11.5,36.5
45057,10.3,36.0
45059,12.2,41.0
45061,16.0,49.1
45063,10.1,39.0
45065,12.4,38.3
45067,15.8,42.4
45069,16.0,46.0
45071,11.9,38.7
45073,10.2,31.6
45075,15.3,47.1
45077,10.3,36.8
45079,11.9,33.9
45081,12.5,38.9
45083,11.1,36.4
45085,12.9,40.9
45087,13.3,42.9
45089,14.4,47.2
45091,9.4,31.2
46003,8.3,33.4
46005,10.2,34.7
46007,12.6,43.0
46009,9.3,36.0
46011,8.3,37.8
46013,7.9,35.9
46015,9.3,36.8
46017,16.6,44.4
46019,8.7,34.9
46021,8.1,35.0
46023,10.5,38.5
46025,8.3,38.0
46027,9.4,39.9
46029,8.8,39.8
46031,15.0,46.2
46033,8.2,37.5
46035,9.0,36.9
46037,9.1,37.8
46039,8.6,34.9
46041,15.0,40.8
46043,8.5,36.2
46045,8.2,35.6
46047,9.7,36.5
46049,9.1,37.2
46051,8.0,33.1
46053,9.3,36.8
46055,8.7,35.9
46057,7.9,34.2
46059,7.9,34.5
46061,7.9,33.1
46063,7.6,33.7
46065,7.4,34.8
46067,8.0,34.1
46069,8.1,35.2
46071,14.3,39.7
46073,8.6,36.6
46075,8.1,35.5
46077,8.2,34.2
46079,7.7,35.8
46081,7.9,35.0
46083,7.3,32.6
46085,12.0,39.9
46087,7.9,34.7
46089,8.5,37.8
46091,7.9,32.9
46093,7.5,33.3
46095,14.3,42.8
46097,8.4,36.3
46099,7.5,33.9
46101,8.7,32.8
46102,20.0,43.9
46103,8.2,34.6
46105,7.4,33.5
46107,8.0,34.1
46109,11.5,42.8
46111,8.3,35.0
46115,8.4,36.8
46117,7.8,33.7
46119,8.0,37.4
46121,18.5,44.3
46123,10.4,41.2
46125,7.9,34.2
46127,7.9,32.6
46129,9.1,34.8
46135,8.1,35.3
46137,15.3,44.9
47001,11.5,38.3
47003,12.3,41.3
47005,12.6,39.8
47007,13.8,42.8
47009,10.7,33.4
47011,11.5,39.2
47013,12.5,39.2
47015,11.8,36.2
47017,13.1,40.6
47019,12.8,41.3
47021,10.7,37.4
47023,13.1,39.2
47025,12.3,41.1
47027,13.2,39.4
47029,13.2,41.5
47031,12.7,39.6
47033,13.2,39.1
47035,12.1,37.4
47037,12.4,32.3
47039,13.1,41.5
47041,13.4,41.7
47043,11.4,35.1
47045,12.8,41.3
47047,12.2,36.8
47049,13.0,40.1
47051,12.5,39.0
47053,13.1,40.0
47055,12.4,38.2
47057,13.3,38.0
47059,12.4,38.0
47061,12.5,37.6
47063,12.3,38.7
47065,11.6,33.3
47067,14.8,42.6
47069,15.0,47.5
47071,11.9,37.5
47073,11.5,37.5
47075,16.5,44.3
47077,13.3,43.0
47079,12.9,39.4
47081,12.2,39.7
47083,11.7,38.1
47085,12.7,37.7
47087,12.7,35.5
47089,11.2,38.8
47091,12.9,39.1
47093,11.3,37.5
47095,16.0,44.8
47097,15.3,44.5
47099,12.7,41.0
47101,13.2,39.0
47103,11.7,40.5
47105,11.4,36.3
47107,11.6,40.4
47109,13.1,43.1
47111,12.3,40.4
47113,13.4,39.5
47115,12.1,40.8
47117,12.8,40.1
47119,10.9,40.7
47121,11.3,38.0
47123,12.5,36.1
47125,12.5,42.6
47127,11.5,36.5
47129,13.4,40.2
47131,12.9,40.9
47133,12.1,38.0
47135,12.7,38.8
47137,13.2,39.8
47139,12.2,37.6
47141,11.3,38.4
47143,13.3,39.3
47145,11.3,39.4
47147,11.1,37.7
47149,12.1,33.8
47151,13.5,41.2
47153,13.0,38.9
47155,10.8,39.4
47157,14.8,42.6
47159,11.3,36.9
47161,11.6,36.6
47163,12.0,40.7
47165,10.5,38.4
47167,12.1,39.4
47169,12.7,38.6
47171,12.6,36.8
47173,11.9,37.7
47175,12.5,39.2
47177,13.5,39.2
47179,12.1,37.1
47181,13.4,40.3
47183,12.0,40.0
47185,12.5,39.8
47187,8.9,28.7
47189,10.7,36.8
48001,13.6,39.5
48003,13.8,39.0
48005,14.2,41.1
48007,12.6,40.3
48009,10.3,36.1
48011,10.3,34.4
48013,14.7,43.0
48015,12.0,36.3
48017,13.3,37.9
48019,11.2,36.0
48021,12.4,40.2
48023,10.8,35.9
48025,16.3,43.0
48027,13.7,39.0
48029,15.4,37.3
48031,10.8,34.8
48033,9.0,33.2
48035,12.3,37.0
48037,12.8,40.9
48039,12.6,39.6
48041,12.6,36.9
48043,11.7,35.9
48045,15.8,43.3
48047,19.0,45.0
48049,12.1,38.3
48051,12.3,38.4
48053,11.1,41.7
48055,14.6,39.0
48057,12.7,36.7
48059,10.9,36.4
48061,19.9,47.6
48063,13.9,39.9
48065,10.1,34.2
48067,12.4,38.6
48069,14.5,40.4
48071,11.8,38.7
48073,13.7,39.1
48075,13.6,41.1
48077,10.2,34.5
48079,17.6,43.6
48081,13.2,39.6
48083,12.1,38.2
48085,9.6,28.6
48087,13.6,39.4
48089,12.5,39.7
48091,9.9,39.1
48093,12.5,39.1
48095,14.7,39.4
48097,11.2,37.3
48099,12.7,37.7
48101,14.9,42.4
48103,14.7,40.3
48105,14.1,38.6
48107,15.3,41.3
48109,16.5,43.1
48111,14.5,40.1
48113,13.2,34.8
48115,16.3,42.6
48117,17.4,43.6
48119,11.3,36.8
48121,10.1,30.7
48123,13.6,41.0
48125,12.5,37.4
48127,21.5,49.9
48129,12.0,37.3
48131,17.5,42.6
48133,11.8,37.2
48135,14.4,40.3
48137,16.5,42.3
48139,11.3,37.6
48141,16.0,39.3
48143,12.1,39.7
48145,14.7,42.7
48147,11.7,37.8
48149,10.9,36.0
48151,12.4,37.6
48153,16.2,41.1
48155,14.0,40.4
48157,11.8,33.1
48159,9.8,34.5
48161,13.1,39.3
48163,17.3,41.6
48165,13.7,40.3
48167,11.6,39.8
48169,15.4,41.2
48171,10.5,34.2
48173,11.0,34.2
48175,12.8,38.9
48177,14.0,39.5
48179,13.5,40.5
48181,11.8,37.2
48183,13.1,39.9
48185,13.4,41.6
48187,12.1,39.4
48189,15.5,42.7
48191,14.0,41.1
48193,11.9,37.5
48195,12.3,36.8
48197,12.2,37.1
48199,11.1,37.5
48201,14.5,35.2
48203,12.7,39.9
48205,11.1,35.2
48207,13.2,39.7
48209,11.7,34.4
48211,11.3,36.6
48213,11.8,37.3
48215,19.2,47.6
48217,12.6,37.1
48219,14.0,41.3
48221,9.3,33.5
48223,11.8,37.6
48225,14.0,40.4
48227,13.8,41.6
48229,20.0,42.8
48231,11.9,41.8
48233,11.8,37.7
48235,11.2,35.7
48237,12.2,38.1
48239,13.4,39.5
48241,13.3,40.7
48243,13.7,39.6
48245,15.5,38.1
48247,19.3,44.9
48249,16.6,42.6
48251,12.1,41.6
48253,14.3,42.6
48255,15.0,40.5
48257,12.4,37.5
48259,9.5,32.8
48261,21.2,47.3
48263,10.7,34.9
48265,12.0,34.9
48267,12.5,37.6
48269,14.7,40.8
48271,15.5,41.5
48273,16.2,41.5
48275,13.4,39.9
48277,12.4,38.6
48279,15.5,41.7
48281,12.0,38.3
48283,18.2,44.2
48285,11.7,37.7
48287,12.9,38.6
48289,12.4,37.6
48291,14.1,39.8
48293,14.4,40.1
48295,12.9,37.7
48297,14.4,40.9
48299,10.6,38.5
48301,9.5,32.6
48303,12.5,36.3
48305,15.1,40.5
48307,13.0,39.3
48309,13.5,39.0
48311,15.6,42.7
48313,13.4,40.4
48315,13.0,41.1
48317,13.3,39.0
48319,10.7,36.3
48321,15.2,41.2
48323,19.8,45.2
48325,13.1,40.3
48327,12.6,38.3
48329,12.0,38.4
48331,12.2,37.5
48333,10.9,34.9
48335,14.5,41.1
48337,10.9,37.2
48339,11.0,35.4
48341,15.9,39.0
48343,12.8,40.6
48345,11.1,36.5
48347,13.1,40.6
48349,13.9,42.3
48351,14.3,42.1
48353,14.4,41.8
48355,15.5,44.0
48357,13.7,38.7
48359,11.7,36.7
48361,11.8,41.6
48363,11.7,36.9
48365,12.4,38.3
48367,10.0,36.8
48369,15.0,40.0
48371,16.1,42.0
48373,14.2,40.4
48375,15.3,38.6
48377,19.7,44.2
48379,11.3,37.5
48381,10.4,33.9
48383,14.4,39.4
48385,14.3,41.3
48387,13.0,39.9
48389,18.0,42.7
48391,14.7,40.7
48393,10.5,36.4
48395,12.4,37.9
48397,9.8,34.9
48399,12.5,38.1
48401,12.1,39.6
48403,12.1,38.6
48405,14.8,42.8
48407,12.5,38.2
48409,14.6,43.3
48411,12.5,39.4
48413,14.0,39.7
48415,13.7,39.1
48417,10.6,38.1
48419,14.2,40.9
48421,12.5,37.9
48423,12.4,39.7
48425,9.8,33.2
48427,21.2,47.8
48429,12.8,38.8
48431,11.4,36.7
48433,12.4,38.6
48435,15.8,41.6
48437,15.5,42.8
48439,12.4,37.7
48441,12.3,36.5
48443,11.6,35.8
48445,16.4,42.8
48447,11.5,37.9
48449,14.4,40.2
48451,13.2,37.6
48453,11.6,29.4
48455,12.3,38.9
48457,12.5,40.3
48459,12.6,40.5
48461,15.5,41.6
48463,15.6,41.6
48465,17.1,42.1
48467,11.4,36.1
48469,13.6,39.1
48471,14.3,42.2
48473,13.1,41.5
48475,14.5,40.8
48477,11.7,37.1
48479,16.3,41.5
48481,13.9,41.4
48483,12.9,39.8
48485,12.7,38.9
48487,15.0,41.4
48489,19.8,48.8
48491,10.0,29.6
48493,12.5,42.1
48495,14.4,39.5
48497,11.4,40.4
48499,11.0,35.9
48501,15.6,40.7
48503,11.9,38.7
48505,21.5,46.1
48507,20.1,47.7
49001,9.4,32.5
49003,9.1,32.0
49005,9.5,35.0
49007,10.9,35.0
49009,9.6,33.8
49011,9.2,30.2
49013,10.2,33.0
49015,10.3,34.5
49017,9.9,36.3
49019,10.3,30.9
49021,9.7,33.3
49023,9.4,34.4
49025,9.4,36.3
49027,10.1,35.4
49029,8.3,31.8
49031,12.1,35.5
49033,9.2,33.1
49035,9.4,32.8
49037,13.5,37.3
49039,10.1,32.9
49041,9.8,35.1
49043,7.6,23.1
49045,9.9,39.0
49047,10.3,34.5
49049,8.6,30.7
49051,7.7,25.8
49053,8.6,29.1
49055,9.6,33.2
49057,9.9,34.4
50001,6.2,26.4
50003,7.1,28.3
50005,8.1,29.7
50007,6.6,24.5
50009,7.8,32.7
50011,7.3,31.1
50013,6.5,27.1
50015,6.8,25.4
50017,6.5,26.7
50019,7.6,32.9
50021,6.8,30.7
50023,6.6,26.8
50025,6.4,26.0
50027,6.3,25.6
51001,13.6,44.0
51003,9.3,31.7
51005,11.3,40.9
51007,12.4,43.0
51009,12.0,36.1
51011,12.3,42.4
51013,9.7,25.9
51015,10.4,37.8
51017,12.7,40.8
51019,9.8,35.2
51021,10.5,39.5
51023,10.0,35.7
51025,15.4,45.3
51027,13.7,44.6
51029,13.9,41.3
51031,11.4,42.5
51033,12.4,41.6
51035,11.1,38.9
51036,14.3,41.9
51037,14.0,40.7
51041,10.9,37.7
51043,9.7,34.1
51045,10.7,36.2
51047,11.6,38.2
51049,12.3,38.6
51051,12.2,42.9
51053,12.6,38.2
51057,14.7,39.0
51059,9.7,27.0
51061,9.7,33.4
51063,10.4,36.8
51065,10.7,38.7
51067,10.9,33.5
51069,11.0,37.6
51071,10.8,36.9
51073,10.3,36.6
51075,9.7,31.7
51077,13.2,42.4
51079,10.6,36.8
51081,15.8,46.2
51083,14.2,43.1
51085,10.4,38.1
51087,11.3,35.1
51089,14.0,43.4
51091,9.5,33.8
51093,11.6,38.9
51095,9.8,33.8
51097,13.1,41.8
51099,10.9,35.2
51101,11.8,38.5
51103,12.0,40.6
51105,12.9,40.5
51107,9.7,28.6
51109,10.5,38.9
51111,14.4,42.7
51113,10.7,37.0
51115,10.2,33.3
51117,13.3,41.4
51119,11.5,40.1
51121,11.4,35.8
51125,10.5,34.8
51127,9.8,37.2
51131,12.7,41.8
51133,11.7,38.8
51135,14.8,44.4
51137,11.0,36.8
51139,11.1,40.2
51141,11.9,40.8
51143,13.7,43.9
51145,9.5,35.8
51147,13.7,43.0
51149,13.1,41.2
51153,11.5,33.1
51155,10.5,35.6
51157,10.7,36.1
51159,14.2,38.6
51161,9.7,34.2
51163,10.6,31.8
51165,10.1,34.9
51167,12.3,39.4
51169,12.1,38.6
51171,11.4,37.9
51173,12.4,40.7
51175,12.1,42.4
51177,11.6,38.3
51179,11.0,37.0
51181,13.2,39.4
51183,14.8,44.0
51185,12.1,40.7
51187,11.2,38.1
51191,10.9,37.2
51193,13.6,41.7
51195,12.8,41.7
51197,10.7,38.4
51199,9.8,33.7
51510,10.3,29.5
51520,12.0,41.3
51530,12.5,40.1
51540,12.3,35.2
51550,12.4,41.2
51570,11.1,39.1
51580,11.9,38.8
51590,16.4,45.7
51595,16.9,47.1
51600,10.9,32.2
51610,8.6,30.1
51620,15.1,46.9
51630,12.9,38.2
51640,13.8,41.1
51650,13.4,42.2
51660,13.9,40.4
51670,16.2,45.9
51678,10.4,35.1
51680,12.3,39.5
51683,12.3,35.1
51685,14.0,37.4
51690,15.5,44.5
51700,13.1,40.6
51710,13.9,40.0
51720,13.4,41.8
51730,16.7,46.5
51735,8.8,33.2
51740,14.6,45.2
51750,12.1,38.1
51760,14.1,35.8
51770,13.4,36.4
51775,10.3,35.2
51790,11.3,39.9
51800,12.2,41.5
51810,11.0,32.9
51820,11.7,38.1
51830,11.9,37.7
51840,12.3,37.9
53001,12.3,38.3
53003,9.1,34.8
53005,9.3,40.0
53007,9.1,28.8
53009,8.3,34.5
53011,8.7,32.6
53013,8.5,38.3
53015,9.6,39.0
53017,9.8,37.8
53019,10.7,36.1
53021,11.8,39.7
53023,9.2,36.6
53025,11.0,42.0
53027,9.8,36.5
53029,7.9,33.7
53031,7.6,26.1
53033,7.3,22.8
53035,7.9,31.4
53037,8.5,31.0
53039,9.4,32.5
53041,9.5,40.6
53043,8.9,34.9
53045,9.1,37.7
53047,10.9,38.6
53049,9.9,36.5
53051,8.6,32.8
53053,9.2,35.8
53055,7.5,25.9
53057,8.4,36.8
53059,8.5,35.8
53061,9.4,32.9
53063,9.2,34.0
53065,9.0,32.2
53067,9.0,33.6
53069,8.9,40.3
53071,9.6,32.7
53073,8.8,28.2
53075,10.9,31.2
53077,12.0,42.0
54001,13.4,40.8
54003,12.2,40.3
54005,13.6,41.5
54007,13.4,39.5
54009,12.3,39.8
54011,13.4,41.8
54013,14.5,44.7
54015,14.2,42.5
54017,12.9,43.3
54019,14.3,39.4
54021,13.2,40.3
54023,13.0,41.1
54025,13.1,42.8
54027,13.4,42.0
54029,12.6,45.1
54031,13.9,42.9
54033,12.6,40.4
54035,12.2,37.1
54037,11.5,34.8
54039,12.6,40.3
54041,12.8,40.5
54043,14.4,44.7
54045,14.4,41.0
54047,17.1,44.3
54049,12.8,39.8
54051,12.2,42.3
54053,12.6,44.3
54055,12.5,42.5
54057,11.9,43.1
54059,14.9,41.1
54061,12.1,36.7
54063,12.7,40.8
54065,11.5,38.5
54067,12.9,39.4
54069,11.0,38.1
54071,12.7,38.5
54073,12.4,41.3
54075,14.1,44.1
54077,13.3,41.0
54079,11.3,38.1
54081,13.5,39.6
54083,12.8,41.3
54085,14.4,40.8
54087,13.9,39.8
54089,13.7,42.8
54091,13.1,40.3
54093,11.3,37.9
54095,12.5,41.7
54097,13.5,41.2
54099,13.5,45.6
54101,13.4,37.9
54103,12.7,37.1
54105,13.9,41.5
54107,12.1,38.1
54109,14.9,46.0
55001,10.1,38.6
55003,10.5,38.0
55005,9.3,39.4
55007,8.8,37.5
55009,8.9,36.6
55011,8.5,40.1
55013,9.7,43.1
55015,8.0,39.7
55017,8.4,40.0
55019,9.2,43.1
55021,8.6,38.7
55023,9.6,39.1
55025,8.2,31.6
55027,9.7,40.5
55029,8.6,37.2
55031,8.5,40.4
55033,9.4,41.0
55035,8.6,35.8
55037,9.5,40.1
55039,9.0,41.7
55041,10.1,42.3
55043,9.8,40.5
55045,8.5,40.2
55047,10.2,41.3
55049,8.2,39.4
55051,8.8,37.2
55053,9.5,44.5
55055,8.3,39.6
55057,10.1,39.6
55059,10.2,43.2
55061,8.4,39.6
55063,8.6,34.6
55065,9.0,39.5
55067,9.1,39.7
55069,9.0,40.3
55071,8.7,43.5
55073,8.3,35.9
55075,9.6,41.3
55077,9.9,40.9
55078,14.1,43.4
55079,11.1,39.4
55081,9.2,38.7
55083,9.6,39.9
55085,8.3,38.5
55087,8.8,39.5
55089,7.4,34.0
55091,8.7,39.3
55093,8.6,34.7
55095,9.0,40.0
55097,8.5,36.0
55099,9.2,42.1
55101,10.2,40.0
55103,9.4,41.8
55105,9.1,38.1
55107,9.4,36.8
55109,7.3,33.6
55111,9.2,39.6
55113,9.2,41.1
55115,9.2,45.0
55117,8.5,40.5
55119,9.4,40.7
55121,8.9,39.1
55123,9.1,40.4
55125,9.0,35.1
55127,8.3,33.3
55129,8.8,35.7
55131,7.8,37.1
55133,7.4,32.0
55135,8.5,36.7
55137,9.8,41.8
55139,8.7,39.6
55141,9.0,40.9
56001,9.4,35.0
56003,8.9,34.7
56005,8.7,35.0
56007,9.9,36.2
56009,9.4,37.0
56011,8.5,31.2
56013,9.8,37.9
56015,8.7,34.7
56017,9.5,38.8
56019,8.7,31.2
56021,8.5,34.3
56023,8.3,31.6
56025,9.4,37.8
56027,10.3,36.9
56029,7.7,33.2
56031,9.3,32.4
56033,7.9,31.6
56035,8.1,29.9
56037,9.4,36.3
56039,7.1,22.2
56041,9.0,35.5
56043,9.4,39.1
56045,9.6,35.0
59,10.4,33.4
